policy_id,customer_name,policy_type,start_date,premium_amount,status
POL0001,Customer_1,Universal Life,2024-05-02,86.55,Cancelled
POL0002,Customer_2,Term Life,2023-04-08,476.85,Active
POL0003,Customer_3,Term Life,2024-12-06,396.96,Cancelled
POL0004,Customer_4,Universal Life,2024-02-19,169.1,Lapsed
POL0005,Customer_5,Whole Life,2024-07-11,144.86,Lapsed
POL0006,Customer_6,Term Life,2024-06-25,307.46,
POL0007,Customer_7,Term Life,2023-09-01,328.15,Cancelled
POL0008,Customer_8,Term Life,2024-05-28,63.63,Active
POL0009,Customer_9,Universal Life,2023-09-18,450.05,Lapsed
POL0010,Customer_10,Term Life,2022-05-04,295.51,
POL0011,Customer_11,Universal Life,2022-07-23,338.86,
POL0012,Customer_12,Universal Life,2023-03-02,185.94,Active
POL0013,Customer_13,Universal Life,2023-03-09,160.2,Lapsed
POL0014,Customer_14,Term Life,2023-06-26,413.31,
POL0015,Customer_15,Universal Life,2022-06-16,232.74,Active
POL0016,Customer_16,Whole Life,2022-11-18,254.09,Active
POL0017,Customer_17,Term Life,2023-05-07,359.88,Cancelled
POL0018,Customer_18,Term Life,2022-12-22,121.14,Cancelled
POL0019,Customer_19,Term Life,2022-06-03,237.03,Lapsed
POL0020,Customer_20,Term Life,2022-11-17,259.0,
POL0021,Customer_21,Term Life,2022-01-06,203.09,
POL0022,Customer_22,Universal Life,2024-04-16,114.65,Cancelled
POL0023,Customer_23,Universal Life,2024-07-11,437.67,Lapsed
POL0024,Customer_24,Term Life,2024-08-20,193.69,
POL0025,Customer_25,Universal Life,2023-08-20,494.61,Active
POL0026,Customer_26,Term Life,2022-03-08,205.42,Active
POL0027,Customer_27,Universal Life,2023-04-20,229.42,Active
POL0028,Customer_28,Universal Life,2023-08-14,392.3,Active
POL0029,Customer_29,Universal Life,2023-08-03,281.74,Cancelled
POL0030,Customer_30,Universal Life,2024-07-18,97.78,Lapsed
POL0031,Customer_31,Whole Life,2022-05-26,158.78,Active
POL0032,Customer_32,Term Life,2023-04-24,105.13,Active
POL0033,Customer_33,Whole Life,2023-06-26,252.32,
POL0034,Customer_34,Universal Life,2023-02-10,113.39,Cancelled
POL0035,Customer_35,Whole Life,2024-05-20,72.77,
POL0036,Customer_36,Term Life,2022-08-24,475.42,
POL0037,Customer_37,Term Life,2023-04-06,438.87,
POL0038,Customer_38,Universal Life,2022-11-02,238.16,Active
POL0039,Customer_39,Whole Life,2023-06-29,483.21,Lapsed
POL0040,Customer_40,Whole Life,2022-10-19,456.04,Cancelled
POL0041,Customer_41,Whole Life,2022-05-27,416.07,Active
POL0042,Customer_42,Term Life,2022-05-03,470.19,Cancelled
POL0043,Customer_43,Term Life,2022-12-06,374.51,Active
POL0044,Customer_44,Whole Life,2023-09-22,135.43,Lapsed
POL0045,Customer_45,Term Life,2023-08-15,121.7,Lapsed
POL0046,Customer_46,Term Life,2024-06-18,498.19,Cancelled
POL0047,Customer_47,Whole Life,2022-09-12,260.07,
POL0048,Customer_48,Term Life,2024-08-17,445.58,Active
POL0049,Customer_49,Whole Life,2023-09-15,273.82,Cancelled
POL0050,Customer_50,Whole Life,2024-04-04,90.52,
POL0051,Customer_51,Universal Life,2023-07-12,226.96,Lapsed
POL0052,Customer_52,Whole Life,2024-10-21,255.75,Active
POL0053,Customer_53,Term Life,2024-10-08,158.33,Lapsed
POL0054,Customer_54,Universal Life,2024-06-15,312.5,Active
POL0055,Customer_55,Whole Life,2022-06-14,71.9,
POL0056,Customer_56,Universal Life,2022-03-23,176.61,Active
POL0057,Customer_57,Term Life,2024-06-03,318.88,
POL0058,Customer_58,Whole Life,2023-10-23,429.28,Active
POL0059,Customer_59,Term Life,2023-05-28,352.63,Cancelled
POL0060,Customer_60,Universal Life,2022-02-22,178.59,Lapsed
POL0061,Customer_61,Whole Life,2022-07-07,53.68,Active
POL0062,Customer_62,Universal Life,2023-04-14,98.37,Active
POL0063,Customer_63,Universal Life,2022-02-12,110.27,Lapsed
POL0064,Customer_64,Whole Life,2023-07-06,169.01,Active
POL0065,Customer_65,Universal Life,2022-03-24,214.6,Lapsed
POL0066,Customer_66,Term Life,2022-12-25,231.46,
POL0067,Customer_67,Universal Life,2024-08-21,70.36,Cancelled
POL0068,Customer_68,Term Life,2024-11-28,73.02,Cancelled
POL0069,Customer_69,Term Life,2024-06-24,302.82,Lapsed
POL0070,Customer_70,Universal Life,2023-07-24,213.14,Cancelled
POL0071,Customer_71,Term Life,2023-01-07,179.87,Lapsed
POL0072,Customer_72,Whole Life,2024-06-11,223.86,Cancelled
POL0073,Customer_73,Term Life,2024-10-04,252.66,Active
POL0074,Customer_74,Term Life,2022-07-06,297.44,Active
POL0075,Customer_75,Term Life,2024-08-20,421.39,Cancelled
POL0076,Customer_76,Whole Life,2023-12-14,330.46,
POL0077,Customer_77,Whole Life,2024-04-16,324.97,Cancelled
POL0078,Customer_78,Whole Life,2023-11-14,107.9,Active
POL0079,Customer_79,Universal Life,2023-10-20,93.51,Cancelled
POL0080,Customer_80,Whole Life,2022-08-03,217.94,Active
POL0081,Customer_81,Term Life,2022-11-26,494.05,
POL0082,Customer_82,Whole Life,2023-11-07,301.02,
POL0083,Customer_83,Whole Life,2024-04-23,214.52,Cancelled
POL0084,Customer_84,Term Life,2024-10-11,114.92,Active
POL0085,Customer_85,Universal Life,2023-08-14,321.11,
POL0086,Customer_86,Whole Life,2024-03-31,230.62,Lapsed
POL0087,Customer_87,Universal Life,2022-03-17,68.11,Cancelled
POL0088,Customer_88,Universal Life,2024-07-20,67.51,Lapsed
POL0089,Customer_89,Universal Life,2022-06-30,371.12,Cancelled
POL0090,Customer_90,Term Life,2023-10-07,411.78,Active
POL0091,Customer_91,Universal Life,2023-06-01,283.7,Active
POL0092,Customer_92,Universal Life,2023-10-25,117.02,Lapsed
POL0093,Customer_93,Term Life,2022-08-26,451.91,Active
POL0094,Customer_94,Universal Life,2024-04-07,112.9,Active
POL0095,Customer_95,Universal Life,2024-11-19,469.12,Active
POL0096,Customer_96,Term Life,2022-01-03,193.34,Lapsed
POL0097,Customer_97,Term Life,2024-08-04,226.83,Active
POL0098,Customer_98,Whole Life,2024-04-26,327.43,
POL0099,Customer_99,Whole Life,2022-04-22,429.17,Cancelled
POL0100,Customer_100,Whole Life,2023-01-20,317.18,
POL0101,Customer_101,Universal Life,2024-11-27,278.29,Lapsed
POL0102,Customer_102,Universal Life,2024-01-11,279.37,Lapsed
POL0103,Customer_103,Universal Life,2024-10-17,270.43,Active
POL0104,Customer_104,Term Life,2024-06-24,303.32,
POL0105,Customer_105,Universal Life,2022-04-16,263.7,Lapsed
POL0106,Customer_106,Whole Life,2023-02-21,57.49,Cancelled
POL0107,Customer_107,Term Life,2023-07-01,199.06,Lapsed
POL0108,Customer_108,Term Life,2022-09-26,99.32,
POL0109,Customer_109,Term Life,2023-08-13,237.44,Cancelled
POL0110,Customer_110,Whole Life,2024-06-16,188.46,Cancelled
POL0111,Customer_111,Whole Life,2024-09-19,454.45,Active
POL0112,Customer_112,Whole Life,2022-09-06,442.44,Cancelled
POL0113,Customer_113,Term Life,2022-03-01,333.17,Active
POL0114,Customer_114,Term Life,2023-05-06,318.61,Active
POL0115,Customer_115,Universal Life,2022-11-21,169.49,Lapsed
POL0116,Customer_116,Universal Life,2023-09-29,345.02,Lapsed
POL0117,Customer_117,Whole Life,2022-01-29,487.43,Active
POL0118,Customer_118,Term Life,2024-04-15,310.31,
POL0119,Customer_119,Universal Life,2022-07-10,152.39,Active
POL0120,Customer_120,Whole Life,2023-04-06,73.11,
POL0121,Customer_121,Whole Life,2022-08-21,266.2,Cancelled
POL0122,Customer_122,Universal Life,2024-08-03,285.9,Cancelled
POL0123,Customer_123,Whole Life,2022-08-29,374.53,Cancelled
POL0124,Customer_124,Term Life,2022-11-12,398.57,Active
POL0125,Customer_125,Whole Life,2024-10-17,221.09,
POL0126,Customer_126,Term Life,2023-08-21,419.75,Active
POL0127,Customer_127,Term Life,2024-11-08,158.99,Cancelled
POL0128,Customer_128,Universal Life,2023-07-14,307.66,Lapsed
POL0129,Customer_129,Universal Life,2024-04-30,365.23,Cancelled
POL0130,Customer_130,Universal Life,2024-09-15,135.85,Cancelled
POL0131,Customer_131,Whole Life,2024-08-25,248.47,Lapsed
POL0132,Customer_132,Universal Life,2023-05-15,238.45,
POL0133,Customer_133,Universal Life,2024-07-24,235.83,Cancelled
POL0134,Customer_134,Whole Life,2022-10-24,141.75,
POL0135,Customer_135,Universal Life,2024-02-25,275.82,Lapsed
POL0136,Customer_136,Whole Life,2023-01-26,325.17,Lapsed
POL0137,Customer_137,Whole Life,2024-11-06,262.22,Lapsed
POL0138,Customer_138,Term Life,2022-10-07,431.77,Active
POL0139,Customer_139,Term Life,2022-05-23,377.33,
POL0140,Customer_140,Universal Life,2023-07-20,367.6,Active
POL0141,Customer_141,Whole Life,2024-04-29,283.41,Lapsed
POL0142,Customer_142,Term Life,2023-11-28,302.4,Cancelled
POL0143,Customer_143,Term Life,2024-11-05,499.16,Active
POL0144,Customer_144,Term Life,2023-07-02,265.27,Cancelled
POL0145,Customer_145,Term Life,2022-01-06,219.57,Active
POL0146,Customer_146,Universal Life,2023-08-03,480.51,
POL0147,Customer_147,Term Life,2023-09-04,256.85,Cancelled
POL0148,Customer_148,Universal Life,2024-09-29,289.91,Active
POL0149,Customer_149,Whole Life,2022-11-01,295.82,Lapsed
POL0150,Customer_150,Universal Life,2024-07-03,354.14,Lapsed
POL0151,Customer_151,Term Life,2024-09-18,440.44,
POL0152,Customer_152,Whole Life,2023-12-08,356.34,
POL0153,Customer_153,Whole Life,2023-11-12,411.64,Active
POL0154,Customer_154,Universal Life,2024-02-12,168.96,Lapsed
POL0155,Customer_155,Whole Life,2024-07-21,267.88,Cancelled
POL0156,Customer_156,Universal Life,2023-10-22,480.8,Active
POL0157,Customer_157,Whole Life,2023-01-22,175.55,Active
POL0158,Customer_158,Universal Life,2023-05-05,184.32,Lapsed
POL0159,Customer_159,Term Life,2024-02-24,473.67,
POL0160,Customer_160,Universal Life,2023-04-24,492.02,Cancelled
POL0161,Customer_161,Universal Life,2024-04-21,397.03,
POL0162,Customer_162,Term Life,2022-03-31,367.21,Active
POL0163,Customer_163,Universal Life,2023-10-14,360.61,Active
POL0164,Customer_164,Universal Life,2024-08-26,270.05,Lapsed
POL0165,Customer_165,Whole Life,2024-02-20,265.91,
POL0166,Customer_166,Universal Life,2024-03-01,302.22,Active
POL0167,Customer_167,Whole Life,2022-11-08,470.52,Active
POL0168,Customer_168,Term Life,2024-10-11,374.75,
POL0169,Customer_169,Whole Life,2022-03-17,179.51,Lapsed
POL0170,Customer_170,Whole Life,2022-09-16,308.06,Lapsed
POL0171,Customer_171,Term Life,2024-10-25,294.44,Cancelled
POL0172,Customer_172,Whole Life,2023-11-11,453.09,Cancelled
POL0173,Customer_173,Term Life,2022-07-25,227.54,Cancelled
POL0174,Customer_174,Universal Life,2024-06-20,205.31,
POL0175,Customer_175,Universal Life,2022-07-24,397.88,Cancelled
POL0176,Customer_176,Whole Life,2024-12-13,115.91,Cancelled
POL0177,Customer_177,Universal Life,2024-07-24,68.93,
POL0178,Customer_178,Term Life,2022-02-01,479.89,Cancelled
POL0179,Customer_179,Universal Life,2022-10-23,85.56,Lapsed
POL0180,Customer_180,Term Life,2024-04-19,465.8,Active
POL0181,Customer_181,Universal Life,2022-11-13,345.19,Lapsed
POL0182,Customer_182,Whole Life,2022-06-03,386.3,Lapsed
POL0183,Customer_183,Universal Life,2024-08-19,146.29,Active
POL0184,Customer_184,Universal Life,2023-06-27,422.58,Lapsed
POL0185,Customer_185,Universal Life,2023-11-25,172.01,Active
POL0186,Customer_186,Term Life,2024-03-25,302.91,Lapsed
POL0187,Customer_187,Term Life,2022-06-14,172.23,
POL0188,Customer_188,Whole Life,2023-11-04,99.15,
POL0189,Customer_189,Term Life,2024-12-28,383.4,Cancelled
POL0190,Customer_190,Universal Life,2024-02-18,157.68,
POL0191,Customer_191,Universal Life,2023-10-11,72.84,Active
POL0192,Customer_192,Term Life,2024-09-26,457.33,Cancelled
POL0193,Customer_193,Universal Life,2022-03-15,151.55,Lapsed
POL0194,Customer_194,Whole Life,2022-05-21,154.78,
POL0195,Customer_195,Whole Life,2023-04-26,95.09,Cancelled
POL0196,Customer_196,Term Life,2023-08-12,198.63,
POL0197,Customer_197,Term Life,2023-04-11,262.58,Cancelled
POL0198,Customer_198,Whole Life,2022-07-05,356.54,Active
POL0199,Customer_199,Whole Life,2024-06-07,111.86,Active
POL0200,Customer_200,Term Life,2022-07-21,484.03,Lapsed
POL0201,Customer_201,Term Life,2022-07-25,490.06,Cancelled
POL0202,Customer_202,Term Life,2024-06-27,121.07,Active
POL0203,Customer_203,Universal Life,2022-12-07,343.8,Lapsed
POL0204,Customer_204,Term Life,2023-09-06,446.29,Cancelled
POL0205,Customer_205,Term Life,2022-03-01,264.06,Lapsed
POL0206,Customer_206,Universal Life,2022-04-05,342.74,Active
POL0207,Customer_207,Whole Life,2023-10-27,390.16,Lapsed
POL0208,Customer_208,Term Life,2022-04-25,179.26,Cancelled
POL0209,Customer_209,Universal Life,2023-08-24,178.44,
POL0210,Customer_210,Term Life,2024-01-05,76.62,Active
POL0211,Customer_211,Term Life,2024-02-07,395.93,Cancelled
POL0212,Customer_212,Universal Life,2024-06-01,343.53,Cancelled
POL0213,Customer_213,Whole Life,2022-10-26,154.5,Lapsed
POL0214,Customer_214,Universal Life,2023-05-16,382.41,Active
POL0215,Customer_215,Term Life,2024-12-23,432.65,
POL0216,Customer_216,Whole Life,2024-04-23,66.78,
POL0217,Customer_217,Universal Life,2023-01-04,464.66,Lapsed
POL0218,Customer_218,Universal Life,2022-12-15,238.05,Active
POL0219,Customer_219,Whole Life,2022-12-25,426.92,
POL0220,Customer_220,Term Life,2022-06-11,470.27,Active
POL0221,Customer_221,Universal Life,2024-02-23,66.35,Lapsed
POL0222,Customer_222,Universal Life,2023-05-09,426.29,Active
POL0223,Customer_223,Universal Life,2024-10-16,404.58,Active
POL0224,Customer_224,Term Life,2022-10-21,133.84,Active
POL0225,Customer_225,Universal Life,2023-04-21,387.05,Lapsed
POL0226,Customer_226,Whole Life,2024-08-02,442.53,Lapsed
POL0227,Customer_227,Whole Life,2023-06-05,180.26,Lapsed
POL0228,Customer_228,Universal Life,2024-07-30,66.86,
POL0229,Customer_229,Universal Life,2023-06-07,184.28,Cancelled
POL0230,Customer_230,Whole Life,2022-01-20,321.25,Active
POL0231,Customer_231,Whole Life,2024-08-10,467.8,Cancelled
POL0232,Customer_232,Universal Life,2023-08-13,200.77,Active
POL0233,Customer_233,Whole Life,2022-11-20,254.46,Active
POL0234,Customer_234,Term Life,2022-06-01,338.59,Active
POL0235,Customer_235,Term Life,2024-06-23,285.94,Lapsed
POL0236,Customer_236,Term Life,2023-12-09,450.17,
POL0237,Customer_237,Term Life,2023-09-05,110.39,Lapsed
POL0238,Customer_238,Whole Life,2024-05-18,276.9,Active
POL0239,Customer_239,Term Life,2023-05-28,172.78,Cancelled
POL0240,Customer_240,Universal Life,2024-07-24,413.97,Active
POL0241,Customer_241,Universal Life,2023-09-11,198.81,Active
POL0242,Customer_242,Term Life,2023-02-12,379.0,
POL0243,Customer_243,Universal Life,2024-02-27,341.73,Active
POL0244,Customer_244,Term Life,2024-09-16,373.37,Lapsed
POL0245,Customer_245,Term Life,2022-08-07,56.34,
POL0246,Customer_246,Term Life,2023-05-01,201.7,
POL0247,Customer_247,Universal Life,2024-02-21,182.76,
POL0248,Customer_248,Universal Life,2024-01-06,353.48,Active
POL0249,Customer_249,Term Life,2023-08-29,136.92,
POL0250,Customer_250,Term Life,2023-08-28,324.93,
POL0251,Customer_251,Term Life,2022-02-14,337.43,Lapsed
POL0252,Customer_252,Term Life,2024-03-21,232.47,Cancelled
POL0253,Customer_253,Whole Life,2023-07-17,242.47,Lapsed
POL0254,Customer_254,Term Life,2022-01-17,197.57,Lapsed
POL0255,Customer_255,Universal Life,2022-04-11,230.37,Cancelled
POL0256,Customer_256,Term Life,2024-10-14,92.92,Cancelled
POL0257,Customer_257,Whole Life,2023-08-10,491.76,
POL0258,Customer_258,Universal Life,2023-04-17,264.85,Lapsed
POL0259,Customer_259,Whole Life,2023-12-23,471.12,Active
POL0260,Customer_260,Term Life,2023-03-25,53.07,Lapsed
POL0261,Customer_261,Universal Life,2023-01-25,222.61,Cancelled
POL0262,Customer_262,Term Life,2023-05-29,251.03,
POL0263,Customer_263,Universal Life,2022-10-08,170.15,
POL0264,Customer_264,Universal Life,2022-07-18,198.33,
POL0265,Customer_265,Universal Life,2022-03-22,312.11,Active
POL0266,Customer_266,Whole Life,2023-09-25,307.79,Active
POL0267,Customer_267,Term Life,2024-06-21,167.7,Cancelled
POL0268,Customer_268,Whole Life,2022-03-10,211.8,
POL0269,Customer_269,Whole Life,2024-01-18,156.34,Lapsed
POL0270,Customer_270,Term Life,2022-09-27,350.5,
POL0271,Customer_271,Term Life,2022-07-04,259.43,Lapsed
POL0272,Customer_272,Term Life,2023-08-28,121.87,Lapsed
POL0273,Customer_273,Universal Life,2023-11-01,358.73,Active
POL0274,Customer_274,Whole Life,2024-04-30,465.4,
POL0275,Customer_275,Whole Life,2022-12-26,449.51,Cancelled
POL0276,Customer_276,Whole Life,2023-02-16,396.43,
POL0277,Customer_277,Whole Life,2022-09-28,360.63,
POL0278,Customer_278,Whole Life,2024-01-20,337.42,Cancelled
POL0279,Customer_279,Universal Life,2024-12-23,473.29,Cancelled
POL0280,Customer_280,Term Life,2024-10-24,215.39,
POL0281,Customer_281,Universal Life,2023-07-13,149.38,Cancelled
POL0282,Customer_282,Universal Life,2022-12-03,480.81,Lapsed
POL0283,Customer_283,Universal Life,2023-06-11,265.18,Active
POL0284,Customer_284,Term Life,2024-09-13,254.74,Cancelled
POL0285,Customer_285,Term Life,2023-08-28,494.98,Lapsed
POL0286,Customer_286,Whole Life,2023-11-25,218.13,Active
POL0287,Customer_287,Universal Life,2022-08-24,365.87,Cancelled
POL0288,Customer_288,Whole Life,2024-08-17,460.76,Active
POL0289,Customer_289,Term Life,2022-06-04,390.81,
POL0290,Customer_290,Term Life,2022-10-16,410.9,Cancelled
POL0291,Customer_291,Term Life,2023-04-08,421.52,Lapsed
POL0292,Customer_292,Term Life,2024-03-24,392.84,Lapsed
POL0293,Customer_293,Universal Life,2024-01-20,356.15,Active
POL0294,Customer_294,Whole Life,2022-07-04,318.12,Lapsed
POL0295,Customer_295,Term Life,2024-03-19,404.32,Lapsed
POL0296,Customer_296,Whole Life,2022-01-29,286.48,Cancelled
POL0297,Customer_297,Term Life,2023-06-26,287.68,Active
POL0298,Customer_298,Whole Life,2022-09-11,212.8,Lapsed
POL0299,Customer_299,Whole Life,2024-07-20,462.76,
POL0300,Customer_300,Term Life,2024-01-25,100.49,Cancelled
POL0301,Customer_301,Term Life,2023-06-21,422.95,Lapsed
POL0302,Customer_302,Whole Life,2024-02-20,456.3,Lapsed
POL0303,Customer_303,Universal Life,2024-01-31,140.97,Lapsed
POL0304,Customer_304,Term Life,2022-08-10,291.5,Cancelled
POL0305,Customer_305,Term Life,2023-04-24,124.04,Cancelled
POL0306,Customer_306,Universal Life,2024-08-23,434.52,Active
POL0307,Customer_307,Universal Life,2022-02-21,248.83,Cancelled
POL0308,Customer_308,Term Life,2023-11-03,356.13,Lapsed
POL0309,Customer_309,Term Life,2023-03-30,372.61,Lapsed
POL0310,Customer_310,Term Life,2022-05-10,269.97,
POL0311,Customer_311,Term Life,2024-08-08,454.5,Cancelled
POL0312,Customer_312,Whole Life,2023-09-11,250.47,Lapsed
POL0313,Customer_313,Whole Life,2024-04-16,75.04,
POL0314,Customer_314,Whole Life,2022-08-27,109.37,Active
POL0315,Customer_315,Term Life,2022-10-14,236.94,Active
POL0316,Customer_316,Whole Life,2022-04-03,303.76,Active
POL0317,Customer_317,Term Life,2022-03-18,301.46,Lapsed
POL0318,Customer_318,Term Life,2023-09-16,352.75,Lapsed
POL0319,Customer_319,Whole Life,2024-10-05,188.68,Active
POL0320,Customer_320,Term Life,2022-08-26,59.8,
POL0321,Customer_321,Whole Life,2022-07-19,164.51,Active
POL0322,Customer_322,Whole Life,2023-04-26,51.36,Cancelled
POL0323,Customer_323,Whole Life,2022-10-05,148.06,Lapsed
POL0324,Customer_324,Whole Life,2024-03-06,82.86,Lapsed
POL0325,Customer_325,Whole Life,2024-07-18,240.66,Cancelled
POL0326,Customer_326,Universal Life,2024-01-30,365.17,Lapsed
POL0327,Customer_327,Universal Life,2024-05-08,293.52,Cancelled
POL0328,Customer_328,Universal Life,2022-11-13,77.12,Active
POL0329,Customer_329,Universal Life,2024-04-29,452.4,Active
POL0330,Customer_330,Universal Life,2022-07-22,493.76,Lapsed
POL0331,Customer_331,Whole Life,2024-09-29,262.43,Lapsed
POL0332,Customer_332,Term Life,2024-04-15,179.19,Active
POL0333,Customer_333,Term Life,2023-07-27,130.99,Cancelled
POL0334,Customer_334,Whole Life,2022-03-09,110.94,Active
POL0335,Customer_335,Term Life,2024-01-29,338.69,Cancelled
POL0336,Customer_336,Term Life,2023-03-21,378.18,
POL0337,Customer_337,Universal Life,2024-06-27,483.7,Active
POL0338,Customer_338,Universal Life,2024-06-29,218.51,Cancelled
POL0339,Customer_339,Universal Life,2023-04-29,451.1,Cancelled
POL0340,Customer_340,Term Life,2024-01-13,251.84,Cancelled
POL0341,Customer_341,Universal Life,2022-07-23,462.7,Lapsed
POL0342,Customer_342,Whole Life,2024-01-23,219.87,Lapsed
POL0343,Customer_343,Term Life,2024-01-05,86.11,
POL0344,Customer_344,Term Life,2022-05-05,483.86,
POL0345,Customer_345,Universal Life,2024-03-26,443.55,Cancelled
POL0346,Customer_346,Whole Life,2023-07-20,109.85,Lapsed
POL0347,Customer_347,Universal Life,2023-01-24,437.13,Cancelled
POL0348,Customer_348,Universal Life,2022-09-08,103.38,Lapsed
POL0349,Customer_349,Term Life,2024-07-20,496.78,Lapsed
POL0350,Customer_350,Term Life,2022-07-07,226.88,
POL0351,Customer_351,Universal Life,2023-03-11,107.31,Cancelled
POL0352,Customer_352,Term Life,2022-02-13,490.43,Cancelled
POL0353,Customer_353,Term Life,2022-04-14,425.67,Lapsed
POL0354,Customer_354,Term Life,2023-11-15,390.28,Lapsed
POL0355,Customer_355,Universal Life,2023-05-14,490.32,Active
POL0356,Customer_356,Term Life,2022-09-15,258.35,
POL0357,Customer_357,Universal Life,2023-02-25,373.59,Active
POL0358,Customer_358,Term Life,2022-05-21,240.86,Lapsed
POL0359,Customer_359,Whole Life,2023-03-01,220.67,Cancelled
POL0360,Customer_360,Term Life,2023-03-19,153.35,Lapsed
POL0361,Customer_361,Universal Life,2023-04-23,257.28,Active
POL0362,Customer_362,Term Life,2023-11-04,119.8,
POL0363,Customer_363,Universal Life,2022-10-30,134.82,Lapsed
POL0364,Customer_364,Universal Life,2022-01-06,443.84,Cancelled
POL0365,Customer_365,Term Life,2023-07-22,394.47,Active
POL0366,Customer_366,Universal Life,2022-10-24,64.5,Lapsed
POL0367,Customer_367,Term Life,2022-09-24,347.09,Cancelled
POL0368,Customer_368,Whole Life,2023-05-29,326.72,Cancelled
POL0369,Customer_369,Universal Life,2022-12-24,471.31,Lapsed
POL0370,Customer_370,Universal Life,2022-08-14,450.07,Active
POL0371,Customer_371,Universal Life,2022-02-22,158.3,Cancelled
POL0372,Customer_372,Universal Life,2022-09-27,80.28,
POL0373,Customer_373,Whole Life,2022-01-31,317.27,Active
POL0374,Customer_374,Whole Life,2024-01-04,250.9,Cancelled
POL0375,Customer_375,Term Life,2023-05-03,352.41,Lapsed
POL0376,Customer_376,Universal Life,2023-10-26,442.5,Lapsed
POL0377,Customer_377,Universal Life,2022-02-02,160.13,Active
POL0378,Customer_378,Whole Life,2022-12-23,69.91,Cancelled
POL0379,Customer_379,Term Life,2023-06-28,247.53,Cancelled
POL0380,Customer_380,Whole Life,2022-04-18,292.89,Active
POL0381,Customer_381,Whole Life,2022-09-17,389.47,Active
POL0382,Customer_382,Term Life,2024-05-12,399.23,Active
POL0383,Customer_383,Universal Life,2024-12-13,113.06,
POL0384,Customer_384,Universal Life,2022-08-21,497.07,
POL0385,Customer_385,Whole Life,2022-05-11,155.37,
POL0386,Customer_386,Whole Life,2024-09-02,462.38,Lapsed
POL0387,Customer_387,Whole Life,2024-07-07,309.25,
POL0388,Customer_388,Term Life,2024-01-12,309.86,
POL0389,Customer_389,Term Life,2024-11-17,397.64,
POL0390,Customer_390,Whole Life,2022-08-12,418.27,Cancelled
POL0391,Customer_391,Universal Life,2024-07-14,156.61,
POL0392,Customer_392,Universal Life,2024-10-28,444.32,Active
POL0393,Customer_393,Term Life,2023-03-30,493.56,
POL0394,Customer_394,Term Life,2022-03-30,284.56,Lapsed
POL0395,Customer_395,Universal Life,2024-12-03,236.1,Lapsed
POL0396,Customer_396,Term Life,2023-09-10,173.82,
POL0397,Customer_397,Universal Life,2024-07-27,300.52,Active
POL0398,Customer_398,Whole Life,2022-03-05,316.25,Active
POL0399,Customer_399,Term Life,2022-05-05,380.85,Cancelled
POL0400,Customer_400,Whole Life,2024-09-07,128.81,Active
POL0401,Customer_401,Term Life,2024-04-02,355.44,Cancelled
POL0402,Customer_402,Term Life,2024-05-23,300.13,Cancelled
POL0403,Customer_403,Whole Life,2022-08-10,71.1,Active
POL0404,Customer_404,Whole Life,2024-10-01,204.99,Active
POL0405,Customer_405,Term Life,2024-06-27,339.49,Cancelled
POL0406,Customer_406,Whole Life,2022-05-31,221.52,Lapsed
POL0407,Customer_407,Universal Life,2022-06-15,286.01,
POL0408,Customer_408,Universal Life,2023-10-22,363.34,Lapsed
POL0409,Customer_409,Whole Life,2022-10-31,233.72,Active
POL0410,Customer_410,Universal Life,2022-05-15,184.95,Active
POL0411,Customer_411,Universal Life,2022-09-16,132.75,Cancelled
POL0412,Customer_412,Universal Life,2023-07-18,292.07,
POL0413,Customer_413,Term Life,2023-10-28,158.44,Active
POL0414,Customer_414,Universal Life,2024-02-20,151.41,
POL0415,Customer_415,Universal Life,2024-12-22,435.89,Lapsed
POL0416,Customer_416,Whole Life,2023-08-27,114.96,
POL0417,Customer_417,Universal Life,2024-07-18,258.36,Lapsed
POL0418,Customer_418,Term Life,2024-11-01,75.93,Active
POL0419,Customer_419,Term Life,2024-05-31,235.7,Active
POL0420,Customer_420,Whole Life,2022-07-23,237.43,Cancelled
POL0421,Customer_421,Term Life,2022-08-23,288.5,Lapsed
POL0422,Customer_422,Term Life,2023-03-17,224.79,Lapsed
POL0423,Customer_423,Universal Life,2024-05-30,164.75,
POL0424,Customer_424,Universal Life,2024-07-13,198.62,Cancelled
POL0425,Customer_425,Term Life,2023-04-13,85.58,Cancelled
POL0426,Customer_426,Whole Life,2024-04-27,252.4,Cancelled
POL0427,Customer_427,Whole Life,2023-11-26,216.98,Lapsed
POL0428,Customer_428,Universal Life,2024-07-17,291.04,Active
POL0429,Customer_429,Term Life,2024-03-27,423.23,Active
POL0430,Customer_430,Universal Life,2024-05-01,73.19,
POL0431,Customer_431,Whole Life,2022-07-14,219.73,
POL0432,Customer_432,Term Life,2023-10-03,322.24,Lapsed
POL0433,Customer_433,Universal Life,2024-05-24,67.8,Active
POL0434,Customer_434,Universal Life,2023-10-03,82.75,Cancelled
POL0435,Customer_435,Whole Life,2023-06-07,412.09,Active
POL0436,Customer_436,Universal Life,2024-02-06,314.41,
POL0437,Customer_437,Whole Life,2022-11-09,352.15,Active
POL0438,Customer_438,Whole Life,2024-08-29,147.66,Cancelled
POL0439,Customer_439,Term Life,2022-05-18,144.0,
POL0440,Customer_440,Term Life,2022-07-06,458.16,Lapsed
POL0441,Customer_441,Universal Life,2022-06-24,186.43,Active
POL0442,Customer_442,Whole Life,2022-07-10,459.05,Active
POL0443,Customer_443,Whole Life,2024-06-03,145.31,Lapsed
POL0444,Customer_444,Term Life,2022-07-17,135.51,Lapsed
POL0445,Customer_445,Term Life,2024-02-03,383.66,Cancelled
POL0446,Customer_446,Whole Life,2022-09-24,386.1,Active
POL0447,Customer_447,Term Life,2022-05-03,389.45,
POL0448,Customer_448,Universal Life,2023-11-07,461.5,Active
POL0449,Customer_449,Whole Life,2022-09-08,363.03,Cancelled
POL0450,Customer_450,Term Life,2024-04-21,366.7,
POL0451,Customer_451,Universal Life,2023-12-26,228.48,
POL0452,Customer_452,Whole Life,2024-05-16,157.7,
POL0453,Customer_453,Universal Life,2022-04-16,194.73,Cancelled
POL0454,Customer_454,Universal Life,2023-08-13,177.38,Active
POL0455,Customer_455,Whole Life,2023-10-02,259.81,
POL0456,Customer_456,Universal Life,2023-12-22,341.92,Lapsed
POL0457,Customer_457,Term Life,2022-08-01,188.79,Cancelled
POL0458,Customer_458,Term Life,2024-11-05,211.84,
POL0459,Customer_459,Term Life,2023-03-12,447.27,Cancelled
POL0460,Customer_460,Universal Life,2022-11-13,259.7,Lapsed
POL0461,Customer_461,Term Life,2024-09-14,411.27,
POL0462,Customer_462,Universal Life,2023-04-05,375.09,Active
POL0463,Customer_463,Term Life,2022-08-10,392.73,Cancelled
POL0464,Customer_464,Whole Life,2023-12-19,194.1,
POL0465,Customer_465,Universal Life,2024-01-23,141.41,
POL0466,Customer_466,Universal Life,2022-08-24,190.81,Cancelled
POL0467,Customer_467,Term Life,2023-07-25,70.57,Lapsed
POL0468,Customer_468,Whole Life,2023-04-09,438.84,Cancelled
POL0469,Customer_469,Term Life,2024-05-28,383.56,Active
POL0470,Customer_470,Term Life,2022-02-23,57.3,Lapsed
POL0471,Customer_471,Whole Life,2023-07-02,298.99,Active
POL0472,Customer_472,Whole Life,2022-03-01,312.81,Active
POL0473,Customer_473,Term Life,2023-01-05,374.01,Cancelled
POL0474,Customer_474,Whole Life,2023-07-14,182.84,
POL0475,Customer_475,Term Life,2023-09-25,138.29,Lapsed
POL0476,Customer_476,Universal Life,2023-11-27,153.51,Active
POL0477,Customer_477,Term Life,2023-12-20,306.41,
POL0478,Customer_478,Universal Life,2022-01-13,160.58,
POL0479,Customer_479,Term Life,2023-01-07,297.79,
POL0480,Customer_480,Whole Life,2022-10-21,474.56,Lapsed
POL0481,Customer_481,Universal Life,2024-03-31,201.9,
POL0482,Customer_482,Whole Life,2022-05-23,393.51,Cancelled
POL0483,Customer_483,Universal Life,2022-10-18,269.88,Active
POL0484,Customer_484,Universal Life,2022-03-04,375.6,
POL0485,Customer_485,Term Life,2022-07-07,382.82,Active
POL0486,Customer_486,Term Life,2024-12-22,257.37,Lapsed
POL0487,Customer_487,Term Life,2023-03-17,379.75,Active
POL0488,Customer_488,Term Life,2024-02-10,208.48,
POL0489,Customer_489,Whole Life,2024-05-09,112.98,Lapsed
POL0490,Customer_490,Term Life,2024-07-18,295.95,Lapsed
POL0491,Customer_491,Term Life,2023-11-30,132.82,Lapsed
POL0492,Customer_492,Universal Life,2022-11-19,450.21,Lapsed
POL0493,Customer_493,Whole Life,2024-01-28,495.65,Lapsed
POL0494,Customer_494,Whole Life,2023-10-01,480.76,Active
POL0495,Customer_495,Universal Life,2023-10-27,285.77,
POL0496,Customer_496,Universal Life,2022-06-23,427.58,Active
POL0497,Customer_497,Term Life,2022-04-18,83.45,
POL0498,Customer_498,Whole Life,2022-11-15,418.1,Lapsed
POL0499,Customer_499,Term Life,2022-11-19,71.83,Lapsed
POL0500,Customer_500,Universal Life,2022-04-12,52.87,Cancelled
POL0501,Customer_501,Term Life,2022-06-17,111.87,Cancelled
POL0502,Customer_502,Whole Life,2023-07-12,333.82,Active
POL0503,Customer_503,Term Life,2024-06-26,80.59,Active
POL0504,Customer_504,Whole Life,2024-05-18,117.96,
POL0505,Customer_505,Term Life,2024-09-21,148.42,
POL0506,Customer_506,Term Life,2024-06-24,255.2,Cancelled
POL0507,Customer_507,Whole Life,2024-04-28,77.2,Cancelled
POL0508,Customer_508,Whole Life,2023-07-14,336.98,
POL0509,Customer_509,Whole Life,2023-03-18,470.26,Active
POL0510,Customer_510,Term Life,2024-11-15,460.74,
POL0511,Customer_511,Term Life,2022-08-22,346.68,Active
POL0512,Customer_512,Term Life,2023-12-08,57.08,
POL0513,Customer_513,Universal Life,2024-05-30,289.5,Lapsed
POL0514,Customer_514,Term Life,2022-08-16,235.1,Lapsed
POL0515,Customer_515,Whole Life,2023-08-04,57.53,Active
POL0516,Customer_516,Whole Life,2024-09-23,374.99,Active
POL0517,Customer_517,Whole Life,2024-12-15,291.08,Active
POL0518,Customer_518,Term Life,2023-09-24,179.01,Cancelled
POL0519,Customer_519,Whole Life,2022-04-04,276.0,Cancelled
POL0520,Customer_520,Whole Life,2023-03-28,364.04,
POL0521,Customer_521,Universal Life,2024-03-20,243.76,Cancelled
POL0522,Customer_522,Universal Life,2022-04-23,472.87,
POL0523,Customer_523,Whole Life,2022-01-16,130.67,
POL0524,Customer_524,Universal Life,2023-02-23,463.12,
POL0525,Customer_525,Universal Life,2023-09-10,285.97,Active
POL0526,Customer_526,Whole Life,2023-03-09,158.44,Lapsed
POL0527,Customer_527,Term Life,2022-10-09,328.9,Cancelled
POL0528,Customer_528,Term Life,2023-06-08,163.59,
POL0529,Customer_529,Whole Life,2023-08-16,209.5,Lapsed
POL0530,Customer_530,Term Life,2023-11-03,407.72,
POL0531,Customer_531,Universal Life,2022-09-03,85.56,Active
POL0532,Customer_532,Whole Life,2022-01-16,481.68,
POL0533,Customer_533,Term Life,2024-10-15,256.55,Cancelled
POL0534,Customer_534,Term Life,2024-05-31,159.44,Lapsed
POL0535,Customer_535,Universal Life,2022-12-26,363.76,Active
POL0536,Customer_536,Whole Life,2022-09-22,184.99,
POL0537,Customer_537,Whole Life,2024-02-18,422.63,Cancelled
POL0538,Customer_538,Universal Life,2024-12-26,86.28,Cancelled
POL0539,Customer_539,Whole Life,2023-04-17,496.25,Active
POL0540,Customer_540,Whole Life,2024-10-21,342.45,Cancelled
POL0541,Customer_541,Universal Life,2023-12-27,64.26,Cancelled
POL0542,Customer_542,Universal Life,2022-05-28,232.38,Cancelled
POL0543,Customer_543,Term Life,2024-03-24,219.73,Cancelled
POL0544,Customer_544,Whole Life,2022-03-28,264.2,
POL0545,Customer_545,Universal Life,2024-06-12,336.54,Active
POL0546,Customer_546,Term Life,2022-02-08,366.28,Lapsed
POL0547,Customer_547,Whole Life,2024-07-30,87.21,Lapsed
POL0548,Customer_548,Term Life,2022-06-09,430.4,Cancelled
POL0549,Customer_549,Universal Life,2023-10-04,340.21,
POL0550,Customer_550,Whole Life,2024-05-29,199.07,Cancelled
POL0551,Customer_551,Term Life,2024-04-08,489.8,Cancelled
POL0552,Customer_552,Universal Life,2024-05-05,488.23,
POL0553,Customer_553,Universal Life,2023-08-16,452.66,Active
POL0554,Customer_554,Universal Life,2022-08-24,463.62,Lapsed
POL0555,Customer_555,Universal Life,2024-04-09,153.39,
POL0556,Customer_556,Universal Life,2022-02-12,455.57,Lapsed
POL0557,Customer_557,Universal Life,2023-10-28,361.53,
POL0558,Customer_558,Universal Life,2022-12-18,305.05,
POL0559,Customer_559,Term Life,2024-07-31,171.99,Cancelled
POL0560,Customer_560,Whole Life,2024-01-12,465.87,Active
POL0561,Customer_561,Whole Life,2022-06-30,357.99,Lapsed
POL0562,Customer_562,Term Life,2024-06-13,176.17,Active
POL0563,Customer_563,Universal Life,2022-08-05,294.36,Cancelled
POL0564,Customer_564,Whole Life,2023-05-14,346.15,
POL0565,Customer_565,Universal Life,2024-06-11,130.71,Lapsed
POL0566,Customer_566,Whole Life,2024-03-31,432.69,Active
POL0567,Customer_567,Universal Life,2024-12-09,57.05,Lapsed
POL0568,Customer_568,Term Life,2022-06-11,143.22,Lapsed
POL0569,Customer_569,Universal Life,2024-03-21,114.89,Lapsed
POL0570,Customer_570,Whole Life,2023-09-28,419.31,Active
POL0571,Customer_571,Universal Life,2023-11-27,419.41,Lapsed
POL0572,Customer_572,Whole Life,2023-03-30,467.99,Active
POL0573,Customer_573,Universal Life,2023-11-14,184.67,
POL0574,Customer_574,Whole Life,2022-12-11,303.78,Active
POL0575,Customer_575,Whole Life,2022-06-06,305.01,Cancelled
POL0576,Customer_576,Whole Life,2024-11-11,432.25,Lapsed
POL0577,Customer_577,Universal Life,2022-08-22,354.67,Cancelled
POL0578,Customer_578,Whole Life,2024-12-22,293.25,Cancelled
POL0579,Customer_579,Universal Life,2024-11-10,222.73,
POL0580,Customer_580,Term Life,2023-02-02,382.89,
POL0581,Customer_581,Term Life,2023-12-17,405.72,Active
POL0582,Customer_582,Whole Life,2023-12-21,360.19,Active
POL0583,Customer_583,Universal Life,2022-10-30,85.29,Lapsed
POL0584,Customer_584,Whole Life,2023-04-29,385.46,Cancelled
POL0585,Customer_585,Universal Life,2022-07-30,205.64,
POL0586,Customer_586,Universal Life,2022-10-27,93.96,
POL0587,Customer_587,Term Life,2023-06-09,154.46,Lapsed
POL0588,Customer_588,Universal Life,2023-02-09,84.21,
POL0589,Customer_589,Universal Life,2022-12-22,322.33,Cancelled
POL0590,Customer_590,Whole Life,2022-11-10,326.24,Cancelled
POL0591,Customer_591,Whole Life,2022-06-04,318.02,Lapsed
POL0592,Customer_592,Universal Life,2022-12-29,486.01,Cancelled
POL0593,Customer_593,Term Life,2024-10-08,196.87,Active
POL0594,Customer_594,Whole Life,2024-08-08,335.36,Cancelled
POL0595,Customer_595,Whole Life,2024-07-08,402.6,Active
POL0596,Customer_596,Term Life,2023-10-24,252.75,
POL0597,Customer_597,Whole Life,2023-10-10,152.66,Active
POL0598,Customer_598,Universal Life,2022-11-06,298.87,Lapsed
POL0599,Customer_599,Universal Life,2024-06-19,218.94,Lapsed
POL0600,Customer_600,Universal Life,2022-05-20,133.58,Lapsed
POL0601,Customer_601,Whole Life,2024-08-18,313.64,Lapsed
POL0602,Customer_602,Whole Life,2024-06-24,221.03,Lapsed
POL0603,Customer_603,Whole Life,2023-09-13,397.48,Cancelled
POL0604,Customer_604,Whole Life,2023-07-17,182.92,
POL0605,Customer_605,Universal Life,2022-04-26,160.9,Active
POL0606,Customer_606,Term Life,2023-12-22,83.08,Active
POL0607,Customer_607,Universal Life,2024-11-05,170.59,
POL0608,Customer_608,Whole Life,2022-06-01,221.0,Lapsed
POL0609,Customer_609,Universal Life,2023-09-28,402.75,Lapsed
POL0610,Customer_610,Term Life,2024-08-03,119.42,Active
POL0611,Customer_611,Universal Life,2024-07-14,225.33,Lapsed
POL0612,Customer_612,Term Life,2022-03-19,212.32,Cancelled
POL0613,Customer_613,Whole Life,2022-04-27,91.18,Cancelled
POL0614,Customer_614,Universal Life,2024-01-26,474.33,Cancelled
POL0615,Customer_615,Universal Life,2023-08-11,250.13,
POL0616,Customer_616,Universal Life,2022-06-07,392.61,
POL0617,Customer_617,Universal Life,2022-07-04,96.0,Cancelled
POL0618,Customer_618,Whole Life,2024-11-04,89.28,
POL0619,Customer_619,Term Life,2024-02-27,243.94,Cancelled
POL0620,Customer_620,Term Life,2024-08-05,300.64,Lapsed
POL0621,Customer_621,Universal Life,2022-03-26,280.6,
POL0622,Customer_622,Whole Life,2024-07-10,96.48,Cancelled
POL0623,Customer_623,Term Life,2023-01-21,90.33,
POL0624,Customer_624,Term Life,2023-10-21,299.4,Active
POL0625,Customer_625,Term Life,2024-09-01,318.62,Active
POL0626,Customer_626,Term Life,2024-10-23,403.0,Cancelled
POL0627,Customer_627,Term Life,2022-11-05,438.67,Cancelled
POL0628,Customer_628,Term Life,2022-05-07,55.55,Cancelled
POL0629,Customer_629,Whole Life,2024-07-11,236.21,Active
POL0630,Customer_630,Universal Life,2022-07-31,400.63,
POL0631,Customer_631,Term Life,2023-12-05,376.18,Active
POL0632,Customer_632,Whole Life,2022-06-22,301.79,Cancelled
POL0633,Customer_633,Whole Life,2024-10-30,496.73,Cancelled
POL0634,Customer_634,Universal Life,2022-12-20,159.23,Cancelled
POL0635,Customer_635,Universal Life,2022-03-22,284.5,Cancelled
POL0636,Customer_636,Term Life,2023-05-23,358.39,Cancelled
POL0637,Customer_637,Universal Life,2024-06-15,126.28,Cancelled
POL0638,Customer_638,Universal Life,2024-06-18,171.01,Lapsed
POL0639,Customer_639,Whole Life,2024-12-09,170.78,Lapsed
POL0640,Customer_640,Whole Life,2024-12-06,115.67,Lapsed
POL0641,Customer_641,Whole Life,2022-11-22,125.24,Active
POL0642,Customer_642,Term Life,2024-01-16,174.18,
POL0643,Customer_643,Term Life,2024-02-03,184.89,Cancelled
POL0644,Customer_644,Universal Life,2023-08-03,402.2,Lapsed
POL0645,Customer_645,Universal Life,2024-03-04,212.51,Active
POL0646,Customer_646,Term Life,2024-04-17,474.9,
POL0647,Customer_647,Term Life,2023-11-24,374.4,Cancelled
POL0648,Customer_648,Whole Life,2022-04-18,273.11,Cancelled
POL0649,Customer_649,Term Life,2023-11-17,327.5,
POL0650,Customer_650,Term Life,2022-05-15,256.04,
POL0651,Customer_651,Universal Life,2023-11-07,110.97,
POL0652,Customer_652,Universal Life,2022-07-13,53.05,Active
POL0653,Customer_653,Whole Life,2024-03-02,228.06,Lapsed
POL0654,Customer_654,Term Life,2023-08-05,428.73,Cancelled
POL0655,Customer_655,Universal Life,2023-06-01,220.95,Lapsed
POL0656,Customer_656,Term Life,2022-11-04,437.99,
POL0657,Customer_657,Term Life,2023-11-14,248.1,Cancelled
POL0658,Customer_658,Whole Life,2022-06-16,243.78,Cancelled
POL0659,Customer_659,Term Life,2022-10-17,420.59,Lapsed
POL0660,Customer_660,Whole Life,2023-12-18,342.97,Lapsed
POL0661,Customer_661,Universal Life,2023-09-28,317.48,Cancelled
POL0662,Customer_662,Universal Life,2024-03-13,185.2,Active
POL0663,Customer_663,Universal Life,2022-09-22,321.45,
POL0664,Customer_664,Universal Life,2022-06-23,362.88,Lapsed
POL0665,Customer_665,Whole Life,2023-09-27,265.55,Cancelled
POL0666,Customer_666,Whole Life,2024-02-11,129.94,Lapsed
POL0667,Customer_667,Universal Life,2023-11-04,229.21,Cancelled
POL0668,Customer_668,Universal Life,2022-09-19,193.61,Active
POL0669,Customer_669,Universal Life,2024-12-14,380.69,Lapsed
POL0670,Customer_670,Whole Life,2022-07-11,334.81,Cancelled
POL0671,Customer_671,Universal Life,2024-05-17,485.49,Lapsed
POL0672,Customer_672,Whole Life,2024-11-07,401.89,Cancelled
POL0673,Customer_673,Term Life,2024-01-12,196.65,
POL0674,Customer_674,Universal Life,2022-02-07,176.14,Cancelled
POL0675,Customer_675,Whole Life,2024-01-13,403.64,Cancelled
POL0676,Customer_676,Whole Life,2023-09-25,214.26,Cancelled
POL0677,Customer_677,Whole Life,2023-01-05,469.43,Cancelled
POL0678,Customer_678,Term Life,2023-03-15,139.91,
POL0679,Customer_679,Universal Life,2023-12-01,498.77,Active
POL0680,Customer_680,Whole Life,2024-09-22,130.97,
POL0681,Customer_681,Universal Life,2023-01-29,395.43,Active
POL0682,Customer_682,Whole Life,2023-04-09,62.11,Active
POL0683,Customer_683,Universal Life,2022-10-09,377.25,
POL0684,Customer_684,Term Life,2022-11-14,474.34,Lapsed
POL0685,Customer_685,Whole Life,2022-06-08,144.34,Active
POL0686,Customer_686,Whole Life,2023-08-29,408.96,
POL0687,Customer_687,Term Life,2022-07-27,424.08,Cancelled
POL0688,Customer_688,Universal Life,2024-11-05,81.12,
POL0689,Customer_689,Whole Life,2024-12-14,431.5,Active
POL0690,Customer_690,Term Life,2022-03-19,407.77,Lapsed
POL0691,Customer_691,Whole Life,2023-11-21,352.84,Lapsed
POL0692,Customer_692,Whole Life,2022-09-26,112.63,Lapsed
POL0693,Customer_693,Whole Life,2024-02-11,186.27,Cancelled
POL0694,Customer_694,Universal Life,2022-11-12,163.71,
POL0695,Customer_695,Term Life,2022-11-29,119.36,
POL0696,Customer_696,Term Life,2023-01-06,240.41,Lapsed
POL0697,Customer_697,Term Life,2022-12-06,219.65,Cancelled
POL0698,Customer_698,Term Life,2024-06-15,252.08,Lapsed
POL0699,Customer_699,Whole Life,2022-03-31,319.07,Active
POL0700,Customer_700,Universal Life,2024-04-21,312.01,
POL0701,Customer_701,Term Life,2024-01-17,290.47,Cancelled
POL0702,Customer_702,Universal Life,2023-05-02,465.57,Lapsed
POL0703,Customer_703,Term Life,2024-06-28,441.34,Cancelled
POL0704,Customer_704,Term Life,2023-08-07,238.24,Active
POL0705,Customer_705,Whole Life,2024-07-08,66.54,Active
POL0706,Customer_706,Whole Life,2023-04-25,485.79,
POL0707,Customer_707,Whole Life,2024-12-29,365.74,Cancelled
POL0708,Customer_708,Universal Life,2023-05-05,415.53,Lapsed
POL0709,Customer_709,Whole Life,2023-09-26,317.22,Lapsed
POL0710,Customer_710,Whole Life,2024-08-18,461.48,Lapsed
POL0711,Customer_711,Term Life,2023-02-02,99.22,
POL0712,Customer_712,Term Life,2024-01-24,161.7,Active
POL0713,Customer_713,Whole Life,2024-06-21,349.11,Lapsed
POL0714,Customer_714,Whole Life,2024-08-03,124.85,
POL0715,Customer_715,Universal Life,2023-08-01,325.71,
POL0716,Customer_716,Universal Life,2024-02-22,303.45,
POL0717,Customer_717,Term Life,2024-10-26,340.26,
POL0718,Customer_718,Universal Life,2024-12-16,341.03,
POL0719,Customer_719,Whole Life,2024-05-07,485.07,
POL0720,Customer_720,Whole Life,2022-11-28,199.22,Active
POL0721,Customer_721,Term Life,2023-02-13,408.3,Active
POL0722,Customer_722,Whole Life,2022-10-11,97.68,Lapsed
POL0723,Customer_723,Whole Life,2023-05-28,94.37,Cancelled
POL0724,Customer_724,Whole Life,2022-04-17,149.9,Active
POL0725,Customer_725,Whole Life,2024-09-11,386.08,Cancelled
POL0726,Customer_726,Universal Life,2024-01-31,301.1,Lapsed
POL0727,Customer_727,Universal Life,2022-07-30,359.45,Active
POL0728,Customer_728,Universal Life,2024-11-22,149.46,Active
POL0729,Customer_729,Universal Life,2022-09-13,218.35,Lapsed
POL0730,Customer_730,Universal Life,2023-08-07,258.38,Lapsed
POL0731,Customer_731,Term Life,2022-06-21,355.8,Cancelled
POL0732,Customer_732,Whole Life,2022-11-25,360.7,Cancelled
POL0733,Customer_733,Term Life,2023-07-13,117.84,Lapsed
POL0734,Customer_734,Whole Life,2024-07-09,498.97,Active
POL0735,Customer_735,Whole Life,2024-11-17,267.25,
POL0736,Customer_736,Whole Life,2022-10-29,182.94,Cancelled
POL0737,Customer_737,Term Life,2024-06-14,464.25,Lapsed
POL0738,Customer_738,Whole Life,2022-07-07,88.63,Active
POL0739,Customer_739,Whole Life,2023-03-31,424.09,Active
POL0740,Customer_740,Universal Life,2024-07-12,378.57,Cancelled
POL0741,Customer_741,Universal Life,2023-12-17,206.75,Cancelled
POL0742,Customer_742,Whole Life,2022-02-24,204.38,
POL0743,Customer_743,Universal Life,2024-04-29,402.92,Cancelled
POL0744,Customer_744,Term Life,2022-04-20,284.5,
POL0745,Customer_745,Whole Life,2024-03-22,206.74,Lapsed
POL0746,Customer_746,Term Life,2024-10-25,93.93,Cancelled
POL0747,Customer_747,Universal Life,2024-02-05,374.9,
POL0748,Customer_748,Universal Life,2023-04-28,253.6,Cancelled
POL0749,Customer_749,Term Life,2024-03-01,80.23,Lapsed
POL0750,Customer_750,Whole Life,2022-06-17,70.11,Lapsed
POL0751,Customer_751,Universal Life,2024-02-07,369.85,
POL0752,Customer_752,Universal Life,2023-04-05,60.16,Active
POL0753,Customer_753,Universal Life,2022-02-27,204.39,Lapsed
POL0754,Customer_754,Term Life,2023-10-15,99.21,Lapsed
POL0755,Customer_755,Term Life,2022-07-22,410.02,Lapsed
POL0756,Customer_756,Universal Life,2023-11-18,468.47,Lapsed
POL0757,Customer_757,Whole Life,2022-10-27,383.22,Active
POL0758,Customer_758,Term Life,2022-10-09,282.2,Lapsed
POL0759,Customer_759,Whole Life,2022-03-20,298.36,Active
POL0760,Customer_760,Term Life,2023-08-11,198.95,Cancelled
POL0761,Customer_761,Term Life,2024-08-25,241.87,Active
POL0762,Customer_762,Whole Life,2022-10-12,257.92,
POL0763,Customer_763,Whole Life,2024-08-18,408.99,Cancelled
POL0764,Customer_764,Whole Life,2024-07-07,333.39,Active
POL0765,Customer_765,Term Life,2022-01-11,133.87,Active
POL0766,Customer_766,Whole Life,2022-06-12,345.79,Active
POL0767,Customer_767,Whole Life,2022-02-08,228.01,Active
POL0768,Customer_768,Whole Life,2023-06-09,381.82,Active
POL0769,Customer_769,Whole Life,2023-03-18,447.39,Active
POL0770,Customer_770,Whole Life,2022-11-03,252.31,
POL0771,Customer_771,Whole Life,2024-12-16,243.3,
POL0772,Customer_772,Whole Life,2024-05-16,52.0,
POL0773,Customer_773,Term Life,2022-08-16,146.66,Active
POL0774,Customer_774,Whole Life,2023-08-14,175.26,Cancelled
POL0775,Customer_775,Term Life,2023-05-02,366.69,
POL0776,Customer_776,Universal Life,2023-09-09,408.2,Lapsed
POL0777,Customer_777,Universal Life,2022-09-07,309.81,Lapsed
POL0778,Customer_778,Term Life,2022-04-08,409.78,Active
POL0779,Customer_779,Whole Life,2023-05-04,291.6,Cancelled
POL0780,Customer_780,Term Life,2024-05-09,214.61,
POL0781,Customer_781,Universal Life,2024-07-25,138.68,Active
POL0782,Customer_782,Term Life,2022-05-09,101.28,Cancelled
POL0783,Customer_783,Universal Life,2022-08-16,351.82,Lapsed
POL0784,Customer_784,Term Life,2024-10-20,270.27,
POL0785,Customer_785,Term Life,2022-02-03,484.66,Active
POL0786,Customer_786,Term Life,2024-11-21,191.03,Active
POL0787,Customer_787,Term Life,2023-05-11,224.89,Cancelled
POL0788,Customer_788,Term Life,2022-10-22,226.64,Active
POL0789,Customer_789,Universal Life,2023-08-20,101.4,Active
POL0790,Customer_790,Term Life,2024-05-29,208.39,
POL0791,Customer_791,Term Life,2022-01-04,256.04,Lapsed
POL0792,Customer_792,Term Life,2023-12-24,127.64,Lapsed
POL0793,Customer_793,Whole Life,2023-05-08,353.11,Cancelled
POL0794,Customer_794,Universal Life,2024-05-03,410.28,Lapsed
POL0795,Customer_795,Term Life,2023-01-19,463.41,Cancelled
POL0796,Customer_796,Universal Life,2022-06-25,315.58,
POL0797,Customer_797,Term Life,2024-12-08,352.45,Cancelled
POL0798,Customer_798,Whole Life,2024-01-09,190.93,Lapsed
POL0799,Customer_799,Universal Life,2022-05-19,157.36,Active
POL0800,Customer_800,Whole Life,2024-12-13,102.63,
POL0801,Customer_801,Whole Life,2024-11-05,217.99,Lapsed
POL0802,Customer_802,Term Life,2024-11-05,113.61,
POL0803,Customer_803,Universal Life,2022-02-11,224.81,Cancelled
POL0804,Customer_804,Universal Life,2024-03-10,318.39,Lapsed
POL0805,Customer_805,Universal Life,2024-08-20,308.66,Active
POL0806,Customer_806,Universal Life,2022-03-31,240.37,Active
POL0807,Customer_807,Term Life,2024-03-03,269.0,Active
POL0808,Customer_808,Term Life,2024-02-04,291.82,Active
POL0809,Customer_809,Whole Life,2023-06-04,463.62,
POL0810,Customer_810,Term Life,2022-02-03,468.81,Lapsed
POL0811,Customer_811,Universal Life,2024-01-02,127.96,Active
POL0812,Customer_812,Term Life,2022-05-19,125.09,Active
POL0813,Customer_813,Whole Life,2023-12-08,179.98,Active
POL0814,Customer_814,Universal Life,2023-05-09,134.19,Cancelled
POL0815,Customer_815,Universal Life,2022-08-01,428.89,Lapsed
POL0816,Customer_816,Whole Life,2023-11-12,328.73,
POL0817,Customer_817,Whole Life,2022-10-01,439.49,Cancelled
POL0818,Customer_818,Universal Life,2022-04-01,478.33,Cancelled
POL0819,Customer_819,Term Life,2023-12-23,268.07,
POL0820,Customer_820,Term Life,2023-11-25,137.81,Active
POL0821,Customer_821,Universal Life,2022-12-25,222.77,Active
POL0822,Customer_822,Universal Life,2024-08-09,302.71,Lapsed
POL0823,Customer_823,Universal Life,2024-09-07,343.88,Active
POL0824,Customer_824,Term Life,2023-01-09,234.11,Cancelled
POL0825,Customer_825,Term Life,2022-10-04,271.28,Cancelled
POL0826,Customer_826,Universal Life,2022-05-10,369.56,Cancelled
POL0827,Customer_827,Whole Life,2024-07-26,249.73,
POL0828,Customer_828,Universal Life,2022-03-17,125.26,Active
POL0829,Customer_829,Universal Life,2023-08-24,304.43,Active
POL0830,Customer_830,Term Life,2023-02-17,408.15,Active
POL0831,Customer_831,Universal Life,2022-03-31,149.24,Active
POL0832,Customer_832,Term Life,2023-02-13,64.71,Lapsed
POL0833,Customer_833,Whole Life,2022-03-27,151.18,Lapsed
POL0834,Customer_834,Universal Life,2023-10-09,179.9,Cancelled
POL0835,Customer_835,Whole Life,2023-09-28,401.33,Cancelled
POL0836,Customer_836,Universal Life,2024-11-21,304.54,
POL0837,Customer_837,Whole Life,2024-03-26,397.65,Cancelled
POL0838,Customer_838,Term Life,2024-08-27,272.89,Active
POL0839,Customer_839,Universal Life,2023-06-03,279.86,Cancelled
POL0840,Customer_840,Universal Life,2022-03-16,307.72,Cancelled
POL0841,Customer_841,Whole Life,2023-01-27,170.55,Lapsed
POL0842,Customer_842,Term Life,2023-08-09,294.4,Active
POL0843,Customer_843,Whole Life,2024-01-02,495.9,
POL0844,Customer_844,Whole Life,2022-04-08,293.92,
POL0845,Customer_845,Term Life,2023-11-11,390.55,
POL0846,Customer_846,Whole Life,2023-07-14,392.0,Cancelled
POL0847,Customer_847,Whole Life,2022-09-12,248.61,
POL0848,Customer_848,Universal Life,2024-01-24,148.34,
POL0849,Customer_849,Whole Life,2024-06-13,241.32,
POL0850,Customer_850,Universal Life,2024-03-30,381.19,Lapsed
POL0851,Customer_851,Term Life,2024-06-19,344.15,Active
POL0852,Customer_852,Whole Life,2024-03-02,161.39,Lapsed
POL0853,Customer_853,Term Life,2023-11-26,443.66,Active
POL0854,Customer_854,Universal Life,2023-01-18,64.5,Lapsed
POL0855,Customer_855,Universal Life,2024-10-13,168.27,Active
POL0856,Customer_856,Universal Life,2024-10-15,437.99,
POL0857,Customer_857,Whole Life,2024-01-23,89.14,
POL0858,Customer_858,Universal Life,2024-11-29,439.38,
POL0859,Customer_859,Universal Life,2023-07-01,102.82,Lapsed
POL0860,Customer_860,Whole Life,2022-06-19,415.35,
POL0861,Customer_861,Whole Life,2024-05-19,144.45,Cancelled
POL0862,Customer_862,Whole Life,2022-06-11,381.93,Active
POL0863,Customer_863,Universal Life,2024-05-31,360.11,Lapsed
POL0864,Customer_864,Universal Life,2023-01-05,437.47,
POL0865,Customer_865,Whole Life,2023-08-25,324.62,
POL0866,Customer_866,Whole Life,2023-10-20,242.68,Active
POL0867,Customer_867,Term Life,2022-07-30,327.27,
POL0868,Customer_868,Term Life,2022-06-13,403.18,
POL0869,Customer_869,Whole Life,2023-11-03,416.09,Active
POL0870,Customer_870,Whole Life,2023-08-29,412.45,Active
POL0871,Customer_871,Term Life,2023-09-20,306.53,Cancelled
POL0872,Customer_872,Whole Life,2024-07-02,289.53,Cancelled
POL0873,Customer_873,Universal Life,2024-05-22,318.59,Active
POL0874,Customer_874,Universal Life,2022-12-08,125.77,Lapsed
POL0875,Customer_875,Universal Life,2024-06-28,490.55,Cancelled
POL0876,Customer_876,Whole Life,2023-12-21,181.69,Active
POL0877,Customer_877,Whole Life,2024-07-04,307.73,
POL0878,Customer_878,Term Life,2022-03-28,478.58,Lapsed
POL0879,Customer_879,Whole Life,2023-12-24,281.49,
POL0880,Customer_880,Whole Life,2024-06-09,455.07,Cancelled
POL0881,Customer_881,Term Life,2023-07-17,416.83,
POL0882,Customer_882,Whole Life,2022-04-28,111.02,Lapsed
POL0883,Customer_883,Term Life,2022-06-03,387.54,Active
POL0884,Customer_884,Whole Life,2024-04-11,235.22,Active
POL0885,Customer_885,Whole Life,2024-01-15,76.68,Lapsed
POL0886,Customer_886,Whole Life,2024-11-16,174.8,
POL0887,Customer_887,Whole Life,2022-11-24,345.15,
POL0888,Customer_888,Universal Life,2022-03-05,365.64,Lapsed
POL0889,Customer_889,Universal Life,2022-10-20,109.71,Active
POL0890,Customer_890,Whole Life,2024-06-16,115.81,
POL0891,Customer_891,Universal Life,2022-03-13,194.94,Cancelled
POL0892,Customer_892,Term Life,2022-09-16,161.4,Lapsed
POL0893,Customer_893,Universal Life,2022-05-18,429.6,Cancelled
POL0894,Customer_894,Term Life,2023-04-29,226.72,Cancelled
POL0895,Customer_895,Term Life,2024-01-21,113.98,Active
POL0896,Customer_896,Term Life,2024-01-12,334.58,Lapsed
POL0897,Customer_897,Universal Life,2024-02-24,332.52,
POL0898,Customer_898,Whole Life,2022-03-08,218.83,
POL0899,Customer_899,Whole Life,2022-11-11,83.98,Lapsed
POL0900,Customer_900,Universal Life,2024-07-10,407.57,Active
POL0901,Customer_901,Term Life,2024-01-30,396.0,
POL0902,Customer_902,Universal Life,2024-02-01,231.28,
POL0903,Customer_903,Whole Life,2024-06-28,387.41,
POL0904,Customer_904,Universal Life,2022-06-07,362.62,Active
POL0905,Customer_905,Universal Life,2022-10-09,444.79,
POL0906,Customer_906,Whole Life,2024-12-20,254.61,
POL0907,Customer_907,Whole Life,2024-01-22,269.62,Cancelled
POL0908,Customer_908,Term Life,2024-03-26,311.88,Active
POL0909,Customer_909,Term Life,2023-10-06,441.01,
POL0910,Customer_910,Whole Life,2023-07-25,431.23,Active
POL0911,Customer_911,Term Life,2023-05-27,91.91,Active
POL0912,Customer_912,Whole Life,2022-08-21,487.47,
POL0913,Customer_913,Universal Life,2022-02-23,335.68,
POL0914,Customer_914,Term Life,2023-01-17,363.78,Active
POL0915,Customer_915,Whole Life,2024-10-19,432.55,Active
POL0916,Customer_916,Universal Life,2024-11-26,408.06,Active
POL0917,Customer_917,Universal Life,2024-03-03,228.97,Cancelled
POL0918,Customer_918,Whole Life,2022-08-30,485.66,Lapsed
POL0919,Customer_919,Whole Life,2023-06-21,421.18,
POL0920,Customer_920,Universal Life,2023-06-18,272.62,Cancelled
POL0921,Customer_921,Universal Life,2024-07-02,195.29,Cancelled
POL0922,Customer_922,Whole Life,2023-03-16,177.62,Active
POL0923,Customer_923,Whole Life,2023-08-08,296.29,Lapsed
POL0924,Customer_924,Universal Life,2024-10-02,108.77,
POL0925,Customer_925,Universal Life,2023-02-14,433.59,Cancelled
POL0926,Customer_926,Whole Life,2022-09-09,404.74,
POL0927,Customer_927,Whole Life,2022-10-05,452.37,Cancelled
POL0928,Customer_928,Universal Life,2022-06-01,393.01,
POL0929,Customer_929,Whole Life,2024-07-14,70.67,Active
POL0930,Customer_930,Whole Life,2022-12-20,331.78,Active
POL0931,Customer_931,Whole Life,2024-06-30,426.52,Lapsed
POL0932,Customer_932,Whole Life,2022-06-29,57.33,Active
POL0933,Customer_933,Term Life,2023-10-17,468.24,Cancelled
POL0934,Customer_934,Term Life,2023-12-13,121.09,Cancelled
POL0935,Customer_935,Universal Life,2022-05-13,255.43,Cancelled
POL0936,Customer_936,Term Life,2023-08-18,496.33,Cancelled
POL0937,Customer_937,Whole Life,2023-09-07,242.51,Active
POL0938,Customer_938,Term Life,2022-11-19,498.06,Active
POL0939,Customer_939,Universal Life,2022-12-23,459.23,Lapsed
POL0940,Customer_940,Universal Life,2024-01-11,446.97,
POL0941,Customer_941,Universal Life,2024-11-07,185.84,Lapsed
POL0942,Customer_942,Term Life,2023-04-05,443.49,
POL0943,Customer_943,Term Life,2022-09-06,444.47,Active
POL0944,Customer_944,Term Life,2023-02-16,92.0,Cancelled
POL0945,Customer_945,Universal Life,2022-10-12,212.2,Lapsed
POL0946,Customer_946,Whole Life,2023-04-30,87.09,Lapsed
POL0947,Customer_947,Whole Life,2024-10-08,349.03,Active
POL0948,Customer_948,Universal Life,2022-02-23,342.01,
POL0949,Customer_949,Universal Life,2024-01-10,73.3,Lapsed
POL0950,Customer_950,Universal Life,2024-01-26,331.52,
POL0951,Customer_951,Universal Life,2024-08-15,376.69,Lapsed
POL0952,Customer_952,Whole Life,2022-09-23,389.85,Cancelled
POL0953,Customer_953,Term Life,2022-06-26,243.15,Active
POL0954,Customer_954,Term Life,2022-05-15,91.04,
POL0955,Customer_955,Whole Life,2023-09-26,92.83,Active
POL0956,Customer_956,Term Life,2024-03-26,146.04,Active
POL0957,Customer_957,Whole Life,2024-09-07,85.07,
POL0958,Customer_958,Term Life,2024-12-12,317.16,
POL0959,Customer_959,Whole Life,2024-04-21,283.75,Lapsed
POL0960,Customer_960,Term Life,2024-04-18,250.28,
POL0961,Customer_961,Universal Life,2022-06-01,53.63,Active
POL0962,Customer_962,Universal Life,2022-09-14,204.61,Active
POL0963,Customer_963,Term Life,2023-10-12,104.27,
POL0964,Customer_964,Whole Life,2022-06-01,437.15,
POL0965,Customer_965,Term Life,2024-07-10,362.31,Lapsed
POL0966,Customer_966,Term Life,2024-08-12,264.97,Lapsed
POL0967,Customer_967,Universal Life,2024-11-25,153.03,Lapsed
POL0968,Customer_968,Whole Life,2023-12-07,90.2,Active
POL0969,Customer_969,Universal Life,2022-09-20,412.68,
POL0970,Customer_970,Term Life,2023-01-08,96.44,Cancelled
POL0971,Customer_971,Universal Life,2022-09-22,215.4,
POL0972,Customer_972,Whole Life,2024-06-05,184.66,
POL0973,Customer_973,Term Life,2024-10-26,222.22,Lapsed
POL0974,Customer_974,Term Life,2022-04-24,416.02,Cancelled
POL0975,Customer_975,Universal Life,2022-09-12,443.52,
POL0976,Customer_976,Whole Life,2024-11-27,338.71,Cancelled
POL0977,Customer_977,Whole Life,2022-11-10,354.71,Cancelled
POL0978,Customer_978,Whole Life,2023-09-15,80.79,
POL0979,Customer_979,Whole Life,2022-12-04,303.48,Lapsed
POL0980,Customer_980,Whole Life,2022-11-28,324.64,Lapsed
POL0981,Customer_981,Term Life,2023-10-23,123.85,
POL0982,Customer_982,Term Life,2023-04-07,208.03,Cancelled
POL0983,Customer_983,Whole Life,2023-12-10,145.87,Cancelled
POL0984,Customer_984,Whole Life,2024-11-28,386.72,Lapsed
POL0985,Customer_985,Term Life,2023-08-05,463.95,Lapsed
POL0986,Customer_986,Term Life,2022-06-11,327.23,Lapsed
POL0987,Customer_987,Whole Life,2023-05-29,249.07,Cancelled
POL0988,Customer_988,Whole Life,2023-02-07,147.76,Cancelled
POL0989,Customer_989,Term Life,2023-07-17,453.47,Lapsed
POL0990,Customer_990,Universal Life,2022-09-14,113.01,Lapsed
POL0991,Customer_991,Universal Life,2023-09-13,105.42,Cancelled
POL0992,Customer_992,Universal Life,2024-12-28,378.5,Active
POL0993,Customer_993,Term Life,2022-07-11,208.19,Cancelled
POL0994,Customer_994,Term Life,2024-10-26,243.22,
POL0995,Customer_995,Term Life,2022-12-12,405.98,
POL0996,Customer_996,Universal Life,2022-11-12,161.5,Cancelled
POL0997,Customer_997,Whole Life,2022-12-17,340.08,
POL0998,Customer_998,Term Life,2023-11-23,161.68,Active
POL0999,Customer_999,Term Life,2022-03-26,320.45,Active
POL1000,Customer_1000,Term Life,2022-02-28,374.53,Active
